

INSERT INTO `student` (`id`, `firstname`, `lastname`) VALUES 
(1,'Olivier','Martin'),
(2,'Pierre','Martin'),
(3,'Jacques','Martin'),
(4,'Martin','Francois'),
(5,'Jennifer','Garner');



INSERT INTO `year` (`id`, `label`) VALUES 
(1,'First year (Bsc)'),
(2,'Second year (Bsc Hons)'),
(3,'Third year (Msc)');


INSERT INTO `enrolment` (`id_student`, `id_year`, `from`, `to`) VALUES 
(1, 1, '2015-01-01 00:00:00', '2015-12-31 00:00:00'),
(1, 2, '2016-01-01 00:00:00', '2016-12-31 00:00:00'),
(1, 3, '2017-01-01 00:00:00', '2017-12-31 00:00:00'),
(2, 1, '2015-01-01 00:00:00', '2015-12-31 00:00:00'),
(2, 2, '2016-01-01 00:00:00', '2016-12-31 00:00:00'),
(2, 3, '2017-01-01 00:00:00', '2017-12-31 00:00:00'),
(3, 2, '2017-01-01 00:00:00', '2017-12-31 00:00:00');



INSERT INTO `module` (`id`, `name`, `year`) VALUES 
(1, 'linux', 1),
(2, 'docker',1),
(3, 'symfony',2),
(4, 'asp.net core',2),
(5, 'aspect oriented architecture',3),
(6, 'ddd and hexagonal architecture', 3);



INSERT INTO `assessment` (`id_student`, `id_module`, `attempted`, `passed`, `grade`) VALUES 
(1, 1, '2015-06-01 00:00:00', '2015-07-02 00:00:00', 3 ),
(1, 2, '2015-06-02 00:00:00', '2015-07-02 00:00:00', 3 ),
(1, 3, '2016-06-06 00:00:00', '2016-07-02 00:00:00', 2 ),
(1, 4, '2016-06-07 00:00:00', '2016-07-02 00:00:00', 2 ),
(1, 5, '2017-06-10 00:00:00', '2017-07-02 00:00:00', 1 ),
(1, 6, '2017-06-11 00:00:00', '2017-07-02 00:00:00', 1 ),
(2, 1, '2015-06-03 00:00:00', '2015-07-02 00:00:00', 3 ),
(2, 2, '2015-06-04 00:00:00', '2015-07-02 00:00:00', 3 ),
(2, 3, '2016-06-08 00:00:00', '2016-07-02 00:00:00', 2 ),
(2, 4, '2016-06-09 00:00:00', '2016-07-02 00:00:00', 2 ),
(2, 5, '2017-06-12 00:00:00', '2017-07-02 00:00:00', 1 ),
(2, 6, '2017-06-13 00:00:00', '2017-07-02 00:00:00', 1 ),
(3, 1, '2015-05-10 00:00:00', '2015-07-02 00:00:00', 3 ),
(3, 2, '2015-05-11 00:00:00', '2015-07-02 00:00:00', 3 ),
(3, 3, '2016-05-06 00:00:00', '2016-07-02 00:00:00', 2 ),
(3, 4, '2016-05-07 00:00:00', '2016-07-02 00:00:00', 2 ),
(3, 5, '2017-05-12 00:00:00', '2017-07-02 00:00:00', 1 ),
(3, 6, '2017-05-13 00:00:00', '2017-07-02 00:00:00', 1 ),
(4, 1, '2015-06-15 00:00:00', '2015-07-02 00:00:00', 3 ),
(4, 2, '2015-06-16 00:00:00', '2015-07-02 00:00:00', 3 ),
(4, 3, '2016-06-17 00:00:00', '2016-07-02 00:00:00', 2 ),
(4, 4, '2016-06-18 00:00:00', '2016-07-02 00:00:00', 2 ),
(4, 5, '2017-05-01 00:00:00', '2017-07-02 00:00:00', 1 ),
(4, 6, '2017-05-02 00:00:00', '2017-07-02 00:00:00', 1 ),
(5, 1, '2015-06-20 00:00:00', '2015-07-02 00:00:00', 3 ),
(5, 2, '2015-06-21 00:00:00', '2015-07-02 00:00:00', 3 ),
(5, 3, '2016-06-22 00:00:00', '2016-07-02 00:00:00', 2 ),
(5, 4, '2016-06-24 00:00:00', '2016-07-02 00:00:00', 2 ),
(5, 5, '2017-05-25 00:00:00', '2017-07-02 00:00:00', 1 ),
(5, 6, '2017-05-26 00:00:00', '2017-07-02 00:00:00', 1 );


